Datetime,Water Level (m)
2025-04-16 12:00:00,-1.7488805
2025-04-16 13:00:00,-1.5813903
2025-04-16 14:00:00,-0.825688
2025-04-16 15:00:00,0.113532946
2025-04-16 16:00:00,0.8255686
2025-04-16 17:00:00,1.253357
2025-04-16 18:00:00,1.3550295
2025-04-16 19:00:00,1.0443313
2025-04-16 20:00:00,0.42067605
2025-04-16 21:00:00,-0.3157112
2025-04-16 22:00:00,-0.9830185
2025-04-16 23:00:00,-1.5132695
2025-04-17 00:00:00,-1.7946582
2025-04-17 01:00:00,-1.6003128
2025-04-17 02:00:00,-0.91220164
2025-04-17 03:00:00,-0.07732286
2025-04-17 04:00:00,0.6662786
2025-04-17 05:00:00,1.229135
2025-04-17 06:00:00,1.5008284
2025-04-17 07:00:00,1.3781471
2025-04-17 08:00:00,0.9130294
2025-04-17 09:00:00,0.2365157
2025-04-17 10:00:00,-0.44402754
2025-04-17 11:00:00,-0.9941288
2025-04-17 12:00:00,-1.33391
2025-04-17 13:00:00,-1.3383489
2025-04-17 14:00:00,-0.93354756
2025-04-17 15:00:00,-0.2453832
2025-04-17 16:00:00,0.38727316
2025-04-17 17:00:00,0.8749736
2025-04-17 18:00:00,1.1546221
2025-04-17 19:00:00,1.0791082
2025-04-17 20:00:00,0.6253531
2025-04-17 21:00:00,-0.016942905
2025-04-17 22:00:00,-0.6444081
2025-04-17 23:00:00,-1.1662004
2025-04-18 00:00:00,-1.5015883
2025-04-18 01:00:00,-1.5169244
2025-04-18 02:00:00,-1.0793555
2025-04-18 03:00:00,-0.4214558
2025-04-18 04:00:00,0.24659047
2025-04-18 05:00:00,0.8434103
2025-04-18 06:00:00,1.2567527
2025-04-18 07:00:00,1.3720541
2025-04-18 08:00:00,1.1410073
2025-04-18 09:00:00,0.6267477
2025-04-18 10:00:00,-0.0023538556
2025-04-18 11:00:00,-0.5857056
2025-04-18 12:00:00,-1.0161916
2025-04-18 13:00:00,-1.1517819
2025-04-18 14:00:00,-0.94259447
2025-04-18 15:00:00,-0.4739345
2025-04-18 16:00:00,0.0850111
2025-04-18 17:00:00,0.5879241
2025-04-18 18:00:00,0.8904526
2025-04-18 19:00:00,0.93974435
2025-04-18 20:00:00,0.70202434
2025-04-18 21:00:00,0.22975862
2025-04-18 22:00:00,-0.31739214
2025-04-18 23:00:00,-0.81615543
2025-04-19 00:00:00,-1.1878693
2025-04-19 01:00:00,-1.3339812
2025-04-19 02:00:00,-1.132367
2025-04-19 03:00:00,-0.64400864
2025-04-19 04:00:00,-0.08515586
2025-04-19 05:00:00,0.47712746
2025-04-19 06:00:00,0.9388462
2025-04-19 07:00:00,1.1925327
2025-04-19 08:00:00,1.1693616
2025-04-19 09:00:00,0.86143595
2025-04-19 10:00:00,0.37371945
2025-04-19 11:00:00,-0.13436131
2025-04-19 12:00:00,-0.5511205
2025-04-19 13:00:00,-0.79632926
2025-04-19 14:00:00,-0.80121136
2025-04-19 15:00:00,-0.5297262
2025-04-19 16:00:00,-0.17838871
2025-04-19 17:00:00,0.18045409
2025-04-19 18:00:00,0.49340492
2025-04-19 19:00:00,0.70531744
2025-04-19 20:00:00,0.728367
2025-04-19 21:00:00,0.5276431
2025-04-19 22:00:00,0.14841715
2025-04-19 23:00:00,-0.28839862
2025-04-20 00:00:00,-0.69943196
2025-04-20 01:00:00,-1.0034063
2025-04-20 02:00:00,-1.1063701
2025-04-20 03:00:00,-0.9144157
2025-04-20 04:00:00,-0.48979875
2025-04-20 05:00:00,-0.0070456583
2025-04-20 06:00:00,0.43087167
2025-04-20 07:00:00,0.7809745
2025-04-20 08:00:00,0.98163193
2025-04-20 09:00:00,0.9579249
2025-04-20 10:00:00,0.71675944
2025-04-20 11:00:00,0.3507104
2025-04-20 12:00:00,-0.035147365
2025-04-20 13:00:00,-0.3586899
2025-04-20 14:00:00,-0.54068995
2025-04-20 15:00:00,-0.5534364
2025-04-20 16:00:00,-0.46395084
2025-04-20 17:00:00,-0.27612746
2025-04-20 18:00:00,0.046516784
2025-04-20 19:00:00,0.34044155
2025-04-20 20:00:00,0.4504445
2025-04-20 21:00:00,0.44636786
2025-04-20 22:00:00,0.3295895
2025-04-20 23:00:00,0.08768513
2025-04-21 00:00:00,-0.22120576
2025-04-21 01:00:00,-0.49513012
2025-04-21 02:00:00,-0.6722664
2025-04-21 03:00:00,-0.75114
2025-04-21 04:00:00,-0.70232755
2025-04-21 05:00:00,-0.47071818
2025-04-21 06:00:00,-0.13355167
2025-04-21 07:00:00,0.23246728
2025-04-21 08:00:00,0.5897478
2025-04-21 09:00:00,0.8613607
2025-04-21 10:00:00,0.95005566
2025-04-21 11:00:00,0.82150465
2025-04-21 12:00:00,0.5344875
2025-04-21 13:00:00,0.1713998
2025-04-21 14:00:00,-0.18912755
2025-04-21 15:00:00,-0.46927497
2025-04-21 16:00:00,-0.6311807
2025-04-21 17:00:00,-0.6454707
2025-04-21 18:00:00,-0.48296356
2025-04-21 19:00:00,-0.20867963
2025-04-21 20:00:00,0.076565355
2025-04-21 21:00:00,0.33816707
2025-04-21 22:00:00,0.53556126
2025-04-21 23:00:00,0.579277
2025-04-22 00:00:00,0.43831602
2025-04-22 01:00:00,0.17649132
2025-04-22 02:00:00,-0.14906664
2025-04-22 03:00:00,-0.49703357
2025-04-22 04:00:00,-0.77696496
2025-04-22 05:00:00,-0.893382
2025-04-22 06:00:00,-0.76509607
2025-04-22 07:00:00,-0.4083661
2025-04-22 08:00:00,0.04197306
2025-04-22 09:00:00,0.49558547
2025-04-22 10:00:00,0.8822293
2025-04-22 11:00:00,1.1084433
2025-04-22 12:00:00,1.1074309
